{
  "session_id": "3cfc9bef-827d-441c-8453-7e917c32297a",
  "latency": 1.2125287737165178e-05,
  "anergy": 204.63291139240508,
  "exergy": 0.795367088607595,
  "mutations": 79,
  "timestamp": 1781722850.173271
}