{
  "session_id": "a2bed6b3-4c7f-494e-8052-5ec73d2ba181",
  "latency": 7.595334734235491e-06,
  "anergy": 125.37878787878788,
  "exergy": 0.8746212121212121,
  "mutations": 198,
  "timestamp": 1781743417.026556
}